source_atlas,sha256,matching_original_paths,match_type
workspace/plain-walk-v13/source-atlases/back.png,1611b88ada2e589437b664df7dbbe51f92eb7d4f0d8a3a3c9d93700ff111f3d5,workspace/generated_images/exec-162e9dfc-b839-493f-8276-98acc4200d28.png,exact_bytes
workspace/plain-walk-v13/source-atlases/down-corrections-v5.png,fb1a640d8de3fb1e4de2112dbdd5d64b0fd847dc02913bfe24115721ed956c28,workspace/generated_images/exec-ddd9efb1-f416-4c1f-aaf2-9bbdf003428d.png,exact_bytes
workspace/plain-walk-v13/source-atlases/down-head-v7.png,272a9fe5824a3eb5784b21df40f4ee10db1a4a8cd89052c417d052055a4d5930,workspace/generated_images/exec-ccb34e01-3e2a-4a3a-944f-a3fa65df4a90.png,exact_bytes
workspace/plain-walk-v13/source-atlases/down-neck-open-v8.png,a5b4e0128b95d7e72ff49fe952443da636f04af838f9529a5bfba219a8ababb0,workspace/generated_images/exec-47591bc0-1358-4eeb-ba3b-e3f1c75a2bce.png,exact_bytes
workspace/plain-walk-v13/source-atlases/down_right.png,ab064eabe77c1b1c1eb7257f6561b4212c46390b8e0a9c3c7244ad27db3f24d0,workspace/generated_images/exec-84b928a0-780f-4c6d-8c9b-43dd5bb81188.png,exact_bytes
workspace/plain-walk-v13/source-atlases/front-feet-v3.png,fb0253fe04b2682f81908eee96470d7289a68dcb6e104db2c6b0657b811c7cf8,workspace/generated_images/exec-3dce2e2d-67b6-4033-8f60-a2c8ab35f7d5.png,exact_bytes
workspace/plain-walk-v13/source-atlases/front-v1.png,6ad5deef164eda7653c74bbf94ee2df9fba9021f66c75686c0f81f58b5da00b7,workspace/generated_images/exec-34fec322-e0ce-4d26-b6e1-a5900b30a0a3.png,exact_bytes
workspace/plain-walk-v13/source-atlases/front.png,6d5da16b32eeeff91eb984ce6902601fd6d83c41d2287e90484d849d83492254,workspace/generated_images/exec-3301e5e3-0529-43d5-949d-5badc9346295.png,exact_bytes
workspace/plain-walk-v13/source-atlases/proportion-reference-v6.png,fe88ae143dc4a8729204b80a88a55700447836e0e59ab6d9b390e085ef8c1322,,no_exact_match_in_reference_folders
workspace/plain-walk-v13/source-atlases/side-v1.png,0e640402a1bc0a3d09bb0f9c3c78147863ab46ece89a323f4464d1b5512bd29e,workspace/generated_images/exec-1f7687d3-4558-4ab6-a050-0314972b191e.png,exact_bytes
workspace/plain-walk-v13/source-atlases/side.png,ac0eb5352d6d2f8022f1032a9b46ffc791f7367207d2079cec281130894db74f,workspace/generated_images/exec-9d0cd704-660a-489a-bb02-9987dbcd8348.png,exact_bytes
workspace/plain-walk-v13/source-atlases/up-corrections-v5.png,2ecd3a9b89aa2a9b25c3300ce40b7d09fd1cf49e699f7b80f5a62b44809eb31c,workspace/generated_images/exec-aa708e5d-e23a-446e-865a-daa22703b7e2.png,exact_bytes
workspace/plain-walk-v13/source-atlases/up-head-v5.png,d3153c250c05db5e618bbcca6251b823347c1ed65d9826649169075960a1ae76,workspace/generated_images/exec-104a7673-ce69-4050-ba61-126a3a3a685a.png,exact_bytes
workspace/plain-walk-v13/source-atlases/up-head-v7.png,2ad7b4dd1c4862efc2c1e94f1f30630434b2ac4a9ce1527ec59dba3d7613d97e,workspace/generated_images/exec-870a2b44-d66f-429f-a06e-fcc1baf38a2a.png,exact_bytes
workspace/plain-walk-v13/source-atlases/up-neck-open-v8.png,99aa804fec080fd87c8a8d8ed381c34b4a160d5dc47574893357801562a879d9,workspace/generated_images/exec-a6fe7367-7b52-439c-91c7-c234bf8fb6ef.png,exact_bytes
workspace/plain-walk-v13/source-atlases/up-right-head-v4.png,3ac41821f1cc9cb10722458b86b585269c7c18f183f4b901dcb06bf4c965310a,workspace/generated_images/exec-7e605654-8664-46e6-8e2e-d0bfa2578f32.png,exact_bytes
workspace/plain-walk-v13/source-atlases/up_right.png,0e1266ad5bb51de10eafa75deb13522fc065af9cf40da505ed97359526f3cbe8,workspace/generated_images/exec-4bdd422c-2e51-454e-8ea7-649abdc12fdb.png,exact_bytes
workspace/plain-walk-v13/source-atlases/walk-reference.gif,af0584512747643d67fa4e477d3c4b31937f17c42262bc1830b4a8b6b3c0860c,workspace/upload/IMG_528818a8-1da3-4813-9037-d6f7938671c2.gif,exact_bytes
